2025_MASTER_CRATE,,,,,,,,,,,,,,,,,,,,,,
Track Name,Album Name,Artist Name(s),Release Date,Duration (ms),Popularity,Explicit,Added By,Added At,Genres,Record Label,Danceability,Energy,Key,Loudness,Mode,Speechiness,Acousticness,Instrumentalness,Liveness,Valence,Tempo,Time Signature
Dominate,Dominate,CHYL,2025-10-10,152275,41,FALSE,dfrank88,2025-10-31T13:57:40Z,bass house,"Ultra Records, LLC",0.679,0.94,2,-4.842,1,0.274,0.131,0.0824,0.11,0.198,144.872,4
Spellbound,Spellbound,oskar med k,2025-10-24,137790,76,FALSE,dfrank88,2025-10-31T13:57:40Z,,7CULT powered by PULSE.CX,0.772,0.682,1,-6.504,0,0.428,0.641,0.138,0.211,0.331,128.977,4
On My Knees - Adriatique Remix,Surrender (Remixes),RÜFÜS DU SOL;Adriatique,2022-08-12,452000,49,FALSE,dfrank88,2025-10-31T13:57:40Z,"melodic techno,melodic house,afro house,techno",Rose Avenue/Reprise,0.65,0.624,1,-8.828,1,0.0292,0.0117,0.319,0.11,0.309,119.992,4
TESLA,TESLA,Mau P,2025-08-08,186818,65,TRUE,dfrank88,2025-10-31T13:57:40Z,"tech house,house",Insomniac Records,0.757,0.792,10,-5.507,1,0.044,0.000344,0.864,0.0663,0.708,132.014,4
Cyanide,MINDFULL,NGHTMRE;Viperactive;JT Roach,2025-08-29,186000,50,FALSE,dfrank88,2025-10-31T13:57:40Z,"dubstep,edm,edm trap,future bass,riddim,bass music,deathstep,melodic bass",BMG Rights Management (US) LLC,0.584,0.898,2,-4.772,1,0.044,0.000495,0.497,0.163,0.14,140,4
Home - Mind Against Remix,Home (Mind Against Remix),Adriatique;Marino Canal;Delhia De France;Mind Against,2022-05-06,437647,45,FALSE,dfrank88,2025-10-31T13:57:40Z,"melodic techno,melodic house,afro house,techno,minimal techno",Siamese,0.651,0.744,7,-7.441,0,0.0314,0.0167,0.621,0.115,0.0372,119.995,4
LA NOCHE,LA NOCHE,Chris Lake;Skrillex;ANITA B QUEEN,2025-10-03,212244,65,FALSE,dfrank88,2025-10-31T13:57:40Z,"tech house,house,bass house,dubstep,edm,electro,electronic",Black Book Records,0.797,0.777,8,-3.634,1,0.0601,0.000279,0.645,0.0633,0.763,126.993,4
You're Not Alone,You're Not Alone,andhim,2024-02-29,214204,30,FALSE,dfrank88,2025-10-31T13:57:40Z,deep house,Higher Ground,0.65,0.896,7,-6.654,0,0.0365,0.0032,0.602,0.247,0.115,123,3
Harmony,Harmony,rSUN,2025-03-07,236618,40,FALSE,dfrank88,2025-10-31T13:57:40Z,bass music,Memory Palace,0.551,0.668,8,-4.719,0,0.0363,0.0666,0.85,0.119,0.0664,139.995,4
Forever (feat. Malou & Yuna),Forever (feat. Malou & Yuna),HUGEL;Diplo;Malou;Yuna,2024-09-20,140500,70,FALSE,dfrank88,2025-10-31T13:57:40Z,"latin house,afro house,techengue,moombahton,melodic house,malay,malaysian pop",Insomniac Records,0.542,0.946,9,-6.046,0,0.0425,0.0312,0.641,0.107,0.23,120.037,4
Fly Kicks - Wax Motif Remix,Night Bass Remixed Vol. 1,AC Slater;Chris Lorenzo;Wax Motif,2017-07-07,278400,48,FALSE,dfrank88,2025-10-31T13:57:40Z,"bass house,bassline,g-house,uk garage,house,tech house",Night Bass Records,0.897,0.692,11,-4.985,0,0.0492,0.0187,0.725,0.0603,0.607,125.023,4
4RUNNA,4RUNNA,Dera Meelan,2025-06-13,231125,24,FALSE,dfrank88,2025-10-31T13:57:40Z,,45rpm,0.74,0.873,1,-8.131,1,0.1,0.0127,0.624,0.743,0.374,132.987,4
Step 2 It,Noise To Dance To,LYNY,2025-10-17,210000,49,FALSE,dfrank88,2025-10-31T13:57:40Z,bass music,Noxious Recordings,0.603,0.893,8,-2.356,0,0.0537,0.0224,0.0116,0.118,0.233,140.139,4
Make Me Feel,Make Me Feel,oskar med k,2025-06-20,186240,85,FALSE,dfrank88,2025-10-31T13:57:40Z,,7CULT powered by PULSE.CX,0.797,0.71,6,-8.008,0,0.0862,0.139,0.107,0.152,0.175,124.919,4
Coast 2 Coast ft. Flowdan,Coast 2 Coast ft. Flowdan,GRiZ;Flowdan,2025-07-18,174751,50,FALSE,dfrank88,2025-10-31T13:57:40Z,"dubstep,edm,drum and bass,grime,uk garage",GRiZ LLC,0.603,0.989,1,-1.812,1,0.266,0.0134,0.0854,0.355,0.345,139.969,4
ELECTRIC LOVE,ELECTRIC LOVE,AVELLO;HXRT,2025-08-27,164307,52,FALSE,dfrank88,2025-10-31T13:57:40Z,melodic bass,Thrive Music,0.665,0.93,6,-1.523,0,0.0465,0.175,0.00000387,0.374,0.283,130.072,4
BRUK DOWN,BRUK DOWN,Major Lazer;Diplo;Parris Goebel;SadBoi;America Foster,2025-10-24,165692,54,FALSE,dfrank88,2025-10-31T13:57:40Z,"moombahton,sexy drill,uk garage",Mad Decent,0.789,0.62,1,-8.258,1,0.0652,0.00204,0.00129,0.593,0.339,130.114,4
Lose Control,Lose Control,Jauz,2025-09-19,176250,43,FALSE,dfrank88,2025-10-31T13:57:40Z,"bass house,edm,future house,dubstep,electro house",Bite This!,0.701,0.867,11,-2.174,1,0.0389,0.0311,0.106,0.0811,0.114,127.995,4
Shantique,Shantique / Double,CØNTRA,2025-10-15,254489,40,FALSE,dfrank88,2025-10-31T13:57:40Z,bass music,Deep Dark & Dangerous,0.598,0.703,2,-5.911,1,0.0645,0.00462,0.077,0.114,0.0394,140.056,4
Let It Go,Let It Go,NOTSOBAD;MA:RK,2024-04-19,196160,71,FALSE,dfrank88,2025-10-31T13:57:40Z,"deep house,slap house",Selected.,0.644,0.695,5,-7.202,0,0.0383,0.255,0.828,0.142,0.198,126.004,4
Cash Out - YDG Remix,Cash Out (YDG Remix),SIDEPIECE;Bobby Shmurda;YDG,2025-09-12,123428,43,TRUE,dfrank88,2025-10-31T13:57:40Z,"tech house,edm,house,riddim,dubstep",LIP SERVICE,0.609,0.981,11,-3.181,1,0.0713,0.00561,0.000312,0.12,0.0564,139.997,4
like JENNIE,Ruby,JENNIE,2025-03-07,123517,89,TRUE,dfrank88,2025-10-31T13:57:40Z,k-pop,OA Entertainment/Columbia,0.811,0.743,10,-5.321,0,0.0611,0.281,0.00671,0.0868,0.815,130.019,4
Wave,Fantasy,Whethan,2020-10-16,122454,35,FALSE,dfrank88,2025-10-31T13:57:40Z,,Big Beat Records,0.755,0.805,4,-6.443,1,0.0706,0.00209,0.029,0.683,0.318,134.91,4
Decimate,Decimate,Edison Cole,2025-09-26,167200,18,FALSE,dfrank88,2025-10-31T13:57:40Z,dubstep,Bite This!,0.378,0.996,4,-0.746,0,0.411,0.0331,0.0102,0.293,0.256,149.574,4
ONLYFORYOU.,ONLYFORYOU.,Holmesick,2025-07-04,188689,52,FALSE,dfrank88,2025-10-31T13:57:40Z,,Joytime Collective,0.623,0.887,8,-4.131,0,0.0359,0.0366,0.0352,0.0941,0.105,145.042,4
Blue,Blue,Hairitage,2025-10-22,185600,43,FALSE,dfrank88,2025-10-31T13:57:40Z,"dubstep,riddim,deathstep,bass music",Monstercat,0.398,0.807,3,-1.675,0,0.0504,0.00345,0.648,0.159,0.143,150.031,4
Diet Coke,Diet Coke,Fallon,2025-10-10,155624,63,FALSE,dfrank88,2025-10-31T13:57:40Z,"tech house,latin house,stutter house",Experts Only,0.826,0.628,9,-6.479,1,0.0483,0.0905,0.0633,0.123,0.609,128.003,4
Keep My Luvv,MINDFULL,NGHTMRE;WINK,2025-08-29,176571,37,FALSE,dfrank88,2025-10-31T13:57:40Z,"dubstep,edm,edm trap,future bass,bass music",BMG Rights Management (US) LLC,0.662,0.828,7,-4.149,0,0.0462,0.292,0.00572,0.247,0.176,139.979,4
Bring The House Down,Bring The House Down,DJ Snake;Dillon Francis;TRXGGX,2025-10-10,222814,50,FALSE,dfrank88,2025-10-31T13:57:40Z,"moombahton,edm,electro house,edm trap,dubstep,bass music",DJ Snake Music Productions Limited,0.271,0.995,4,-0.561,1,0.164,0.0095,0.473,0.607,0.265,144.936,4
Stay With The Tempo,Stay With The Tempo,Flux Pavilion;Habstrakt,2025-09-25,214218,42,FALSE,dfrank88,2025-10-31T13:57:40Z,"dubstep,edm,dub,bass house,g-house,bassline",Circus Records,0.594,0.954,6,-3.178,1,0.0784,0.00226,0.878,0.927,0.363,128.097,4
Swag Surfin',Swag Surfin',Whethan,2025-10-03,228368,57,FALSE,dfrank88,2025-10-31T13:57:40Z,,Wallflower Records,0.728,0.845,2,-5.264,1,0.089,0.00582,0.0293,0.262,0.344,144.038,4
SAVE U,SAVE U,SVDKO;Klo,2025-05-30,161142,35,FALSE,dfrank88,2025-10-31T13:57:40Z,"uk garage,stutter house",Boom Records LLC,0.694,0.772,2,-6.547,1,0.0454,0.116,0.762,0.254,0.185,139.976,4
You & Me,You & Me,AC Slater;Qlank;Col3man,2025-06-27,205568,43,FALSE,dfrank88,2025-10-31T13:57:40Z,"bass house,bassline,g-house,uk garage",Night Bass Records,0.811,0.527,11,-6.655,1,0.119,0.259,0.000256,0.119,0.101,131.965,4
Show You,Show You,rSUN,2025-07-30,228066,49,FALSE,dfrank88,2025-10-31T13:57:40Z,bass music,Tru MGMT,0.482,0.606,11,-3.114,1,0.0363,0.00189,0.0331,0.11,0.0641,139.958,4
Sound - Chmura Remix,Digital Human Remix,Ashez;Chmura,2021-03-04,257321,37,FALSE,dfrank88,2025-10-31T13:57:40Z,"bass music,drumstep,downtempo",BOY RECORDS,0.794,0.546,1,-7.004,1,0.0897,0.0458,0.501,0.0656,0.336,167.946,4
Brute (Josh Teed Remix),Ancestors (Remixed),Jaenga;Josh Teed,2025-01-17,241681,35,FALSE,dfrank88,2025-10-31T13:57:40Z,"dubstep,bass music",SubCarbon,0.458,0.716,4,-4.984,0,0.138,0.15,0.513,0.413,0.14,139.796,4
BETTER OFF ALONE,BETTER OFF ALONE,AVELLO;glasscat,2025-06-20,208551,49,FALSE,dfrank88,2025-10-31T13:57:40Z,"melodic bass,future bass",AVELLO,0.385,0.987,8,-2.147,0,0.241,0.0171,0.853,0.125,0.183,145.045,4
Mwaki,SURRENDER,Zerb;Sofiya Nzau,2023-10-27,208135,72,FALSE,dfrank88,2025-10-31T13:57:40Z,afro house,TH3RD BRAIN,0.847,0.637,7,-8.751,0,0.0587,0.201,0.201,0.121,0.0509,120.033,4
Thin Floors And Tall Ceilings - ford. Remix,A Moment Apart Remixes,ODESZA;ford.,2018-11-28,294390,23,FALSE,dfrank88,2025-10-31T13:57:40Z,"chillwave,chillstep",Counter Records,0.705,0.446,11,-9.227,1,0.0536,0.485,0.819,0.0999,0.275,99.999,4
Entwined,Entwined,Sub Focus;Grimes,2025-10-31,220689,63,FALSE,dfrank88,2025-10-31T13:57:40Z,"drum and bass,liquid funk,art pop",Positiva,0.462,0.967,6,1.044,1,0.0476,0.00664,0.0426,0.516,0.0959,173.99,4
OK OK,OK OK,Fred again..;Danny Brown;BEAM;PARISI;JPEGMAFIA,2025-10-10,206197,62,FALSE,dfrank88,2025-10-31T13:57:40Z,"stutter house,house,experimental hip hop,alternative hip hop,melodic techno,experimental",Atlantic Records UK,0.703,0.806,2,-6.641,1,0.0682,0.00343,0.0262,0.256,0.484,142.01,4
the floor - fred remix,the floor,Skin On Skin;BEAM;Fred again..,2025-10-17,341250,63,FALSE,dfrank88,2025-10-31T13:57:40Z,"lo-fi house,stutter house,house",Atlantic Records UK,0.671,0.839,10,-7.678,0,0.0839,0.0322,0.572,0.605,0.445,138.024,4
Section,Section,LYNY,2025-07-25,174857,53,FALSE,dfrank88,2025-10-31T13:57:59Z,bass music,Noxious Recordings,0.594,0.87,8,-3.826,1,0.0537,0.0719,0.000194,0.655,0.3,139.933,4
Yeke Yeke,Yeke Yeke,PEEKABOO,2025-09-19,256285,41,FALSE,dfrank88,2025-10-31T13:57:59Z,"dubstep,bass music,riddim",Major Recordings/Warner Records,0.729,0.935,8,-1.209,1,0.103,0.0523,0,0.0664,0.559,139.94,4
Brain Tickler,Brain Tickler,AHEE,2023-12-06,144134,53,FALSE,dfrank88,2025-10-31T13:57:59Z,"dubstep,bass music,riddim",Jadu Dala,0.834,0.849,9,-3.658,1,0.0655,0.014,0.0000821,0.469,0.34,149.941,4
BodyMove,Turn It Up EP,Eliminate,2025-09-12,143450,34,FALSE,dfrank88,2025-10-31T13:57:59Z,"dubstep,riddim,bass music,deathstep,bass house",Eliminate Music,0.591,0.999,4,-0.007,1,0.338,0.0052,0.471,0.362,0.491,173.977,4
Operator - Junk Mail Remix,Operator (Junk Mail Remix),A.M.C;Junk Mail,2024-06-07,242758,32,FALSE,dfrank88,2025-10-31T13:57:59Z,"drum and bass,bassline",Titan Records,0.561,0.978,1,0.615,1,0.219,0.00213,0.0954,0.69,0.352,174.065,4
Bass Go Silly,Dream Machine,Jaenga,2025-08-08,193883,44,FALSE,dfrank88,2025-10-31T13:57:59Z,"dubstep,bass music",Field Trip Records,0.856,0.689,11,-0.547,1,0.0356,0.0261,0.0907,0.179,0.226,90.022,4
FREAK NASTY,FREAK NASTY,Pretty Sweet,2025-03-04,138857,50,FALSE,dfrank88,2025-10-31T13:57:59Z,"dubstep,riddim",Pretty Sweet Music,0.625,0.907,5,-1.54,1,0.174,0.261,0.000184,0.16,0.326,139.699,3
P.O.V.,Let God Sort Em Out,"Clipse;Tyler, The Creator;Pusha T;Malice",2025-07-11,258030,68,TRUE,dfrank88,2025-10-31T13:57:59Z,southern hip hop,Roc Nation Distribution,0.636,0.574,10,-10.915,0,0.195,0.0532,0,0.123,0.488,156.08,4
Flip It,Escapism Vol. 1,Levity;Dem Jointz,2024-09-25,135000,57,FALSE,dfrank88,2025-10-31T13:57:59Z,dubstep,Deadbeats,0.772,0.681,1,-6.7,1,0.0597,0.143,0.00237,0.106,0.761,160.039,4
Tech Cvlt,Zero Day,Hackwaves;MIDNIGHT CVLT,2025-09-15,223448,11,FALSE,dfrank88,2025-10-31T13:57:59Z,"drum and bass,breakbeat,bass house",Eatbrain,0.504,0.991,7,0.782,1,0.127,0.0000364,0.615,0.213,0.0773,174.002,4
Carousel,Carousel,MEWONE!,2025-06-26,187586,4,FALSE,dfrank88,2025-10-31T13:57:59Z,drum and bass,Divine Hate,0.378,0.913,11,-4.293,0,0.0649,0.00708,0.342,0.144,0.0368,174.054,4
Bussin - Jayceeoh Remix,Bussin - Jayceeoh Remix,MVPZ;The Gaff;Johanna Phraze;Amp Live,2025-05-29,144000,6,FALSE,dfrank88,2025-10-31T13:57:59Z,"uk garage,breakbeat,g-house",MOST VALUABLE RECORDS,0.818,0.878,1,-6.394,1,0.144,0.018,0.0102,0.0709,0.482,130.123,4
ARROWS,ARROWS,Dirt Monkey;Eligh,2025-09-10,212800,21,FALSE,dfrank88,2025-10-31T13:57:59Z,"dubstep,riddim,bass music,dub,underground hip hop",19K,0.698,0.728,10,-6.712,0,0.26,0.0895,0,0.537,0.461,159.846,4
Evolution,Evolution,Koji Aiken;Bass Ventura,2025-08-27,215734,27,FALSE,dfrank88,2025-10-31T13:57:59Z,"stutter house,drum and bass",Koji Aiken,0.479,0.95,2,-0.816,1,0.165,0.00118,0.000172,0.594,0.498,146.054,3
Lithium,Diffusion,Odd Mob,2017-02-13,193432,52,FALSE,dfrank88,2025-10-31T13:57:59Z,"tech house,bass house",Tinted Records,0.795,0.836,7,-5.412,0,0.0486,0.00702,0.546,0.319,0.736,133.995,4
Don't Stop,Don't Stop,Slang Dogs;rSUN;Zoso,2025-09-12,185142,31,FALSE,dfrank88,2025-10-31T13:57:59Z,"bass music,dubstep,drumstep",TRIPPY BEE RECORDS,0.857,0.926,5,-3.542,1,0.107,0.141,0.253,0.105,0.121,139.992,4
Drop Top,Drop Top,Great Dane,2019-02-13,202666,29,FALSE,dfrank88,2025-10-31T13:57:59Z,,ADBC Records,0.568,0.273,1,-9.72,1,0.284,0.152,0.028,0.0989,0.185,178.89,4
White Claw Wobbler,White Claw Wobbler,Casey Club,2025-04-11,195428,31,FALSE,dfrank88,2025-10-31T13:57:59Z,"uk garage,dubstep,bass music,bassline",UKF,0.705,0.946,1,-3.752,1,0.318,0.000639,0.00053,0.193,0.156,140.021,4
BIG BOY TIME,BIG BOY TIME,MadBliss,2020-04-17,132166,32,FALSE,dfrank88,2025-10-31T13:57:59Z,,MadBliss,0.498,0.872,5,-4.777,1,0.181,0.168,0.0234,0.111,0.101,148.304,4
Space Cake,Space Cake,Norman Sann,2023-07-21,133679,32,FALSE,dfrank88,2025-10-31T13:57:59Z,,UnderCurrent,0.799,0.655,6,-10.956,0,0.325,0.248,0.00000117,0.118,0.399,118.313,4
Light Up,Light Up,Eptic;LYNY,2025-02-26,190285,44,FALSE,dfrank88,2025-10-31T13:57:59Z,"dubstep,riddim,deathstep,bass music,bass house,dub",Overlord Music,0.629,0.981,8,-2.856,0,0.24,0.119,0.0000342,0.0671,0.606,140.045,4
Guess featuring billie eilish,Brat and it’s completely different but also still brat,Charli xcx;Billie Eilish,2024-10-11,143330,80,FALSE,dfrank88,2025-10-31T13:57:59Z,"hyperpop,art pop",Atlantic Records,0.78,0.713,0,-4.493,1,0.0888,0.0167,0.206,0.144,0.615,130.034,4
BALD!,EP!,JPEGMAFIA,2020-11-06,153932,55,TRUE,dfrank88,2025-10-31T13:57:59Z,"experimental hip hop,alternative hip hop,experimental",Universal Records,0.594,0.917,10,-2.382,1,0.3,0.0372,0,0.495,0.675,154.703,4
Thinkin Bout You,Thinkin Bout You,Frank Ocean,2012-01-01,201106,50,FALSE,dfrank88,2025-10-31T13:57:59Z,,Red Zone Entertainment / IDJ,0.726,0.329,0,-11.181,1,0.0408,0.331,0.00349,0.134,0.216,129.844,4
Fractal,Fractal,ERBES;REPLASED,2025-09-26,164571,12,FALSE,dfrank88,2025-10-31T13:57:59Z,"riddim,dubstep,deathstep,bass music",WHY Z MUSIC,0.748,0.591,2,-7.116,1,0.0574,0.00957,0.159,0.14,0.248,139.955,4
YES!,YES!,Wreckno;Super Future,2025-10-01,141904,29,TRUE,dfrank88,2025-10-31T13:57:59Z,bass music,N-S-E-W,0.814,0.574,6,-6.321,1,0.0392,0.00013,0.122,0.062,0.166,126.008,4
Body Rock,Body Rock,Rova,2025-09-26,176914,35,FALSE,dfrank88,2025-10-31T13:57:59Z,drum and bass,ROVA,0.786,0.976,11,-0.71,0,0.23,0.0153,0.262,0.0861,0.523,175.03,4
Guess featuring billie eilish,Brat and it’s completely different but also still brat,Charli xcx;Billie Eilish,2024-10-14,143330,55,FALSE,dfrank88,2025-10-31T13:57:59Z,"hyperpop,art pop",Atlantic Records,0.78,0.713,0,-4.493,1,0.0888,0.0167,0.206,0.144,0.615,130.034,4
Go Mode,Nexum,INZO;Blookah;DijahSB,2025-08-08,232031,50,FALSE,dfrank88,2025-10-31T13:57:59Z,"future bass,hip house,jazz rap",Local Void,0.814,0.893,11,-4.983,1,0.159,0.012,0.0018,0.132,0.401,127.993,4
The Action,The Action,AHEE;Sømething,2022-01-19,193200,46,FALSE,dfrank88,2025-10-31T13:57:59Z,"dubstep,bass music,riddim",Jadu Dala,0.742,0.796,1,-3.613,1,0.117,0.000715,0.00267,0.0956,0.349,100.014,4
GO!,GO!,Jon Casey;PEEKABOO,2025-08-15,141517,41,TRUE,dfrank88,2025-10-31T13:57:59Z,"edm trap,bass music,dubstep,riddim",Monstercat,0.778,0.651,6,-4.881,1,0.555,0.0445,0.00000206,0.372,0.436,72.004,4
Head Rock,Head Rock,Mersiv;Sully;Nat James,2025-07-22,213428,39,FALSE,dfrank88,2025-10-31T13:57:59Z,"bass music,dubstep,riddim",WAKAAN,0.669,0.978,9,-2.357,1,0.0849,0.00115,0.00000171,0.252,0.37,139.919,3
Headspun,Danger Console,Shanghai Doom,2025-07-11,143513,23,FALSE,dfrank88,2025-10-31T13:57:59Z,"bass music,dubstep,riddim",Shanghai Doom Music,0.857,0.648,11,-3.295,1,0.14,0.000244,0.797,0.166,0.362,148.059,4
Space Cake,Space Cake,Norman Sann,2023-07-21,133679,32,FALSE,dfrank88,2025-10-31T13:57:59Z,,UnderCurrent,0.799,0.655,6,-10.956,0,0.325,0.248,0.00000117,0.118,0.399,118.313,4
DANCE (SAY MY NAME),DANCE (SAY MY NAME),BLVZE,2025-04-04,185678,43,FALSE,dfrank88,2025-10-31T13:57:59Z,"edm trap,bass music",BLVZE,0.672,0.946,2,-3.699,1,0.0385,0.000333,0.197,0.386,0.0909,140.096,4
what u want!,what u want!,Rad Cat,2025-09-19,192727,53,FALSE,dfrank88,2025-10-31T13:57:59Z,,Boom Records LLC,0.641,0.982,6,-3.015,1,0.0664,0.000246,0.0958,0.0621,0.102,132.003,4
Feel (Real Love),Feel (Real Love),Henry Fong,2024-09-06,161503,33,FALSE,dfrank88,2025-10-31T13:57:59Z,"bass house,moombahton,melbourne bounce,electro house,big room",Dim Mak Records,0.726,0.983,2,-4.037,1,0.0753,0.0618,0.0125,0.094,0.544,132.978,4
Inside of Me (Posij Remix),Free Moksi (Remix Album),Moksi;NANAMI;Posij,2022-10-19,153600,39,FALSE,dfrank88,2025-10-31T13:57:59Z,"bass house,future house,g-house,drumstep,drum and bass,bass music",Barong Family,0.604,0.794,9,-5.821,0,0.0313,0.000794,0.87,0.207,0.164,125.097,3
Jazz Suite No. 2: VI. Waltz 2,Shostakovich: Jazz Suites Nos. 1 - 2 / The Bolt / Tahiti Trot,Dmitri Shostakovich;Russian State Symphony Orchestra;Dmitry Yablonsky,2002-04-15,193600,69,FALSE,dfrank88,2025-10-31T13:57:59Z,"classical,chamber music,orchestral,ballet,japanese classical,concerto",Naxos,0.322,0.184,0,-18.312,0,0.0338,0.984,0.902,0.0813,0.356,107.847,4
Wanted,Wanted,Primate,2024-08-23,184827,39,FALSE,dfrank88,2025-10-31T13:58:15Z,"drum and bass,bassline",Primate Music,0.455,0.938,7,-0.832,0,0.075,0.00652,0.00000211,0.127,0.242,174.31,4
Headway,Headway,Ashez;Gallium,2025-06-27,195403,44,FALSE,dfrank88,2025-10-31T13:58:15Z,"bass music,drumstep",Qualia,0.796,0.831,10,-5.16,0,0.0934,0.0581,0.872,0.122,0.708,140.048,4
Donnie Brasco,Nothing To Lose,Know Good,2024-11-25,182166,54,FALSE,dfrank88,2025-10-31T13:58:15Z,,KNOW GOOD LLC,0.829,0.703,8,-2.972,0,0.18,0.0677,0.000619,0.367,0.459,89.995,4
What's a Gremlin?,What's a Gremlin?,SIPPY,2025-06-18,140142,43,FALSE,dfrank88,2025-10-31T13:58:15Z,"dubstep,riddim,bass music",Gremlin Records,0.714,0.897,10,-4.228,0,0.103,0.0627,0.0169,0.345,0.554,139.973,4
Jaded,Escapism Vol. 1,Levity,2024-09-25,210122,52,TRUE,dfrank88,2025-10-31T13:58:15Z,dubstep,Deadbeats,0.63,0.918,9,-3.331,1,0.124,0.0167,0.179,0.942,0.393,154.849,4
Never Go Back,STAY IN YOUR LANE...,Smoakland;INZO,2023-11-03,170802,26,FALSE,dfrank88,2025-10-31T13:58:15Z,"bass music,dubstep,future bass",Left Coast Records,0.724,0.772,1,-9.139,1,0.0752,0.0314,0.782,0.0949,0.426,136.992,4
Drop In,Drop In,Mary Droppinz,2025-04-16,149793,48,FALSE,dfrank88,2025-10-31T13:58:15Z,uk garage,Deadbeats,0.757,0.55,8,-7.935,0,0.0496,0.0646,0.0334,0.111,0.379,144.961,4
Fight Club,Paralysis Analysis,Chee;Mr. Carmack,2021-02-26,168421,33,FALSE,dfrank88,2025-10-31T13:58:15Z,"drumstep,bass music,dubstep,edm trap",Deadbeats,0.571,0.85,1,-6.271,1,0.556,0.0757,0.0168,0.288,0.451,85.56,4
Geez,Back Around,Late Night Radio,2022-07-15,195091,35,FALSE,dfrank88,2025-10-31T13:58:15Z,,Philos Records,0.716,0.755,10,-6.462,1,0.109,0.0116,0.0011,0.317,0.573,144.077,4
Clouds of Smoke,Clouds of Smoke,ETHER,2025-06-04,192000,26,FALSE,dfrank88,2025-10-31T13:58:15Z,,True Form,0.549,0.94,1,-3.763,0,0.33,0.0315,0.00264,0.672,0.488,145.143,4
Hum it to google,Basspunk 2,Bassvictim;Ngahere Wafer,2025-01-30,117117,48,FALSE,dfrank88,2025-10-31T13:58:15Z,"electroclash,witch house,hyperpop,emo rap",TWIN,0.484,0.831,3,-5.903,0,0.0967,0.0225,0.0565,0.101,0.621,77.957,4
Instinct,Instinct,ERBES,2025-08-29,199680,38,TRUE,dfrank88,2025-10-31T13:58:15Z,"riddim,dubstep,deathstep,bass music",WHY Z MUSIC,0.502,0.676,0,-7.58,1,0.0586,0.0124,0.0994,0.114,0.139,124.974,4
Warrior Spirit,Warrior Spirit,HYPERLIGHT,2024-01-03,258000,17,FALSE,dfrank88,2025-10-31T13:58:15Z,,High Vibe Records,0.602,0.935,1,-4.109,1,0.369,0.00707,0.00169,0.127,0.409,159.955,4
Lose Control,Lose Control,Fourward,2020-07-31,238588,44,FALSE,dfrank88,2025-10-31T13:58:15Z,"drum and bass,liquid funk",Elevate Records,0.441,0.926,6,-4.703,1,0.128,0.000504,0.0177,0.122,0.126,174.99,4
Perfect (Exceeder) - 1991 Remix,Perfect (Exceeder) [1991 Remix],Mason;Princess Superstar;1991,2024-01-26,200086,55,FALSE,dfrank88,2025-10-31T13:58:15Z,"electroclash,drum and bass,liquid funk",Armada Music,0.689,0.903,1,-0.925,1,0.103,0.0118,0.691,0.0367,0.271,174.113,4
Sock'em Bop'em,All In,Know Good,2025-07-07,178285,52,TRUE,dfrank88,2025-10-31T13:58:15Z,,KNOW GOOD LLC,0.773,0.527,1,-5.947,1,0.279,0.301,0.0000487,0.126,0.318,140.03,4
Polite - AC Slater Remix,Pearl (Remixes),Anna Lunoe;AC Slater;Shanique Marie,2025-06-20,186303,16,FALSE,dfrank88,2025-10-31T13:58:15Z,"nu disco,bass house,bassline,g-house,uk garage,reggae,ragga",NLV Records,0.876,0.944,7,-4.359,1,0.158,0.0218,0.0263,0.291,0.644,134.015,4
SOMETHING ELSE,SOMETHING ELSE,Blurrd Vzn,2025-05-30,118285,27,FALSE,dfrank88,2025-10-31T13:58:15Z,"bass music,dubstep,riddim",MONTA,0.506,0.795,8,-5.763,0,0.188,0.0189,0.153,0.261,0.196,140.18,4
Bout Me,Bout Me,Super Future;Wreckno,2019-11-15,231529,33,FALSE,dfrank88,2025-10-31T13:58:15Z,bass music,1414405 Records DK2,0.43,0.563,1,-8.425,0,0.313,0.0333,0.0000042,0.119,0.188,77.312,4
Go Mode,Go Mode,INZO;Blookah;DijahSB,2025-06-27,232031,37,FALSE,dfrank88,2025-10-31T13:58:15Z,"future bass,hip house,jazz rap",Local Void,0.814,0.893,11,-4.983,1,0.159,0.012,0.0018,0.132,0.4,127.993,4
Transformation,Transformation,Lumasi,2024-03-06,229714,42,FALSE,dfrank88,2025-10-31T13:58:15Z,bass music,Wubaholics,0.64,0.766,4,-4.759,0,0.0424,0.0175,0.171,0.108,0.0567,139.959,4
PUT IT DOWN - Jkyl & Hyde Remix,PUT IT DOWN (Jkyl & Hyde Remix),Angrybaby;Jkyl & Hyde,2025-05-16,194782,57,FALSE,dfrank88,2025-10-31T13:58:15Z,"stutter house,riddim,deathstep,dubstep,bass music",TH3RD BRAIN,0.738,0.913,6,-3.3,0,0.1,0.183,0.00878,0.155,0.496,138.006,4
Gates,Gates,Just A Gent;Slowboy,2025-08-04,156098,29,FALSE,dfrank88,2025-10-31T13:58:15Z,"future bass,phonk,brazilian phonk,rally house",Monstercat,0.521,0.91,8,-2.269,0,0.186,0.207,0.555,0.0855,0.465,140.067,4
Bruise,Nothing To Lose,Know Good,2024-11-25,112436,49,TRUE,dfrank88,2025-10-31T13:58:15Z,,KNOW GOOD LLC,0.914,0.504,9,-9.344,0,0.133,0.0139,0.0024,0.135,0.179,118.999,4
Hustle,Dream Machine,Jaenga;Josh Teed,2025-08-08,236620,27,FALSE,dfrank88,2025-10-31T13:58:15Z,"dubstep,bass music",Field Trip Records,0.665,0.743,2,-2.519,1,0.078,0.00855,0.0015,0.135,0.271,91.991,4
Floor It,Floor It,Mt. Eden,2025-08-08,195428,25,FALSE,dfrank88,2025-10-31T13:58:15Z,"chillstep,dubstep",Mt. Eden,0.759,0.836,2,-2.689,1,0.0768,0.00413,0.355,0.0733,0.258,140.016,4
Fantasy,HEYZ'D And Confused,Heyz,2025-08-01,192000,38,FALSE,dfrank88,2025-10-31T13:58:15Z,"dubstep,bass music",Bassrush Records,0.382,0.697,1,-2.904,1,0.0389,0.00491,0.0000552,0.684,0.0347,140.11,4
Spiral,Spiral,rSUN,2025-08-13,281147,38,FALSE,dfrank88,2025-10-31T13:58:15Z,bass music,Tru MGMT & Good Society,0.443,0.746,8,-4.346,1,0.0547,0.1,0.239,0.133,0.0776,139.914,4
Down Low - YDG Remix,Down Low (YDG Remix),it's murph;YDG;Sorana,2024-06-21,189517,62,FALSE,dfrank88,2025-10-31T13:58:15Z,"stutter house,house,riddim,dubstep",Darkroom Records,0.522,0.931,10,-2.585,0,0.0859,0.268,0.0137,0.206,0.356,145.069,4
Innocence 2025,Innocence 2025,NERO;Taiki Nulight,2025-03-13,168000,52,FALSE,dfrank88,2025-10-31T13:58:15Z,"dubstep,dub,bass house,bassline,g-house,uk garage",Polydor Records,0.59,0.607,8,-3.919,1,0.092,0.0135,0.166,0.0873,0.278,139.805,4
The Largest,The Largest,BERNZIKIAL,2025-07-25,94674,27,TRUE,dfrank88,2025-10-31T13:58:15Z,"riddim,dubstep,deathstep",BERNZIKIAL,0.597,0.775,0,-4.249,1,0.655,0.186,0.0746,0.104,0.0374,73.401,4
Pyro,Pyro,Feed Me;EMSKI,2025-08-15,301818,30,FALSE,dfrank88,2025-10-31T13:58:15Z,"dubstep,electro house,dub",Sotto Voce,0.722,0.798,6,-4.16,0,0.0525,0.0953,0.0969,0.231,0.316,132.019,4
Bebe,Bebe,T & Sugah;Justin Hawkes,2025-07-25,168275,39,FALSE,dfrank88,2025-10-31T13:58:15Z,"drum and bass,liquid funk",Bassrush Records,0.65,0.992,10,-0.508,0,0.0671,0.0303,0.675,0.111,0.484,174.018,4
Jaw Drop,Jaw Drop,Curbi,2020-07-03,173085,33,FALSE,dfrank88,2025-10-31T13:58:15Z,"future house,bass house",Confession,0.737,0.941,1,-3.34,1,0.112,0.0238,0.289,0.222,0.241,128.035,4
Hyperreal,Fluorescence,Big Gigantic;Blanke;ProbCause,2025-06-20,173478,37,FALSE,dfrank88,2025-10-31T13:58:15Z,"melodic bass,future bass,dubstep,edm",Big Gigantic,0.61,0.963,10,-2.475,0,0.117,0.00436,0.0000206,0.671,0.392,92.02,4
Fangs,Fangs,Mindset;Saka,2025-08-01,122109,21,FALSE,dfrank88,2025-10-31T13:58:15Z,"bass music,drumstep,dubstep",soundslikesaka,0.611,0.812,2,-5.476,1,0.121,0.00377,0.843,0.0898,0.174,127.991,4
Perfect (Exceeder),Perfect (Exceeder),David Guetta;Mason;Princess Superstar,2024-02-09,151929,66,FALSE,dfrank88,2025-10-31T13:58:15Z,"edm,electroclash",Armada Music,0.678,0.952,4,-5.584,0,0.0484,0.0524,0.81,0.0872,0.0649,127.927,4
Blessings,Blessings,Calvin Harris;Clementine Douglas,2025-05-09,219650,84,FALSE,dfrank88,2025-10-31T13:58:15Z,edm,Columbia,0.721,0.875,11,-4.125,0,0.0557,0.0022,0.0285,0.0888,0.642,129.913,4
1 More Night,1 More Night,Axel Boy,2025-04-18,234857,12,FALSE,dfrank88,2025-10-31T13:58:15Z,"bass house,bassline,dubstep,drum and bass",Axel Boy,0.609,0.954,11,-3.249,0,0.0467,0.00143,0.0501,0.117,0.337,140.04,4
Baby - NXSTY & RYA Remix,Baby (Remix),Habstrakt;NXSTY;RYA,2025-04-25,160459,26,FALSE,dfrank88,2025-10-31T13:58:15Z,"bass house,g-house,dubstep,bassline",Distorted Reality Records,0.729,0.855,6,-3.229,0,0.0891,0.0009,0.141,0.0665,0.249,132.134,4
Safe and Sound (Rebelution) [Remix],Safe and Sound (Rebelution) [Remix],Blunts & Blondes,2020-09-12,185600,43,FALSE,dfrank88,2025-10-31T13:58:15Z,"dubstep,riddim",87 Music,0.78,0.794,6,-3.222,1,0.18,0.0509,0,0.122,0.618,74.958,4
CLOSER,CLOSER,VANDA,2025-01-24,207050,23,FALSE,dfrank88,2025-10-31T13:58:15Z,"edm trap,bass music",VANDA,0.628,0.858,6,-4.117,0,0.155,0.0316,0.06,0.152,0.132,142.008,4
Gone Fishin,Gone Fishin,Grieves;Prof;Pants,2024-08-16,117894,47,TRUE,dfrank88,2025-10-31T13:58:15Z,underground hip hop,Storm Watch Record Club,0.834,0.614,5,-6.577,0,0.229,0.0725,0,0.132,0.63,113.923,4
HOOLIGANS,HOOLIGANS,GHENGAR;Izzy Vadim;Ghastly,2025-09-05,127448,50,TRUE,dfrank88,2025-10-31T13:58:15Z,"riddim,dubstep,deathstep,bass music,bass house,edm",RATED M RECORDS,0.778,0.928,1,-2.411,1,0.363,0.102,0.000165,0.602,0.78,145.066,4
Need You,StepBroStep EP,Boogie T;Mr. Bill,2025-09-03,252414,36,FALSE,dfrank88,2025-10-31T13:58:15Z,"dubstep,riddim,bass music,edm,dub,glitch,idm,drumstep,psytrance",Drama Club Recordings,0.647,0.714,3,-2.04,0,0.0409,0.000486,0.512,0.324,0.426,144.955,4
Say To Me,Say To Me,WHTKD,2016-08-12,154000,54,FALSE,dfrank88,2025-10-31T13:58:15Z,,All Around The World,0.769,0.443,4,-10.857,0,0.0711,0.0103,0.358,0.106,0.589,125.976,4
Daydreams,Daydreams,Effin;NGHTMRE,2025-06-27,228251,44,FALSE,dfrank88,2025-10-31T13:58:15Z,"dubstep,riddim,bass music,deathstep,edm,edm trap,future bass",Effin Music,0.449,0.904,10,-1.985,0,0.121,0.0157,0.0644,0.242,0.235,142.88,4
Like This,Like This,Levity;NITTI,2025-04-09,133615,46,TRUE,dfrank88,2025-10-31T14:54:53Z,"dubstep,bass house,g-house","Ultra Records, LLC",0.827,0.898,10,-6.259,0,0.0426,0.0217,0.114,0.117,0.387,130.009,4
Fortress - Moojo Remix,Diplo Presents Higher Ground 3 Years LP,Diplo;Joeski;Rhye;Moojo,2022-12-13,271475,43,FALSE,dfrank88,2025-11-05T04:30:39Z,"moombahton,afro house,latin house,tribal house,tech house,afro tech",Higher Ground,0.59,0.942,7,-7.401,0,0.039,0.00364,0.769,0.128,0.131,122.009,4
You'll Be Mine,You'll Be Mine,Marco Lys,2019-09-20,233196,13,FALSE,dfrank88,2025-11-05T04:30:39Z,"tech house,house",Armada Subjekt,0.614,0.954,7,-5.066,1,0.0448,0.000938,0.599,0.149,0.792,123.988,4
"Mind Awake, Body Asleep","Mind Awake, Body Asleep",Odd Mob;OMNOM;HYPERBEAM,2023-11-03,150447,31,FALSE,dfrank88,2025-11-05T04:30:39Z,"tech house,bass house",Insomniac Records,0.741,0.849,1,-7.755,1,0.0874,0.251,0.625,0.163,0.265,133.938,4
it boy,bbno$,bbno$,2025-10-17,146426,71,TRUE,dfrank88,2025-11-05T04:30:39Z,,bbno$$,0.762,0.885,9,-6.388,1,0.0551,0.00176,0.000598,0.278,0.823,129.97,4
Bad Luck,Bad Luck / Feel,Kyle Watson;Nevve,2025-10-24,185212,45,FALSE,dfrank88,2025-11-05T04:30:39Z,"tech house,bass house,house,g-house,future bass,melodic bass,edm",Black Book Records,0.752,0.796,6,-6.039,0,0.0441,0.000844,0.0146,0.135,0.382,132.983,4
Fool Me,Fool Me,CHYL,2023-03-06,133600,38,FALSE,dfrank88,2025-11-05T04:30:39Z,bass house,Monstercat,0.669,0.984,6,-3.799,0,0.299,0.00575,0.0196,0.324,0.351,150.002,4
Make U SWEAT!,Make U SWEAT!,Knock2,2023-01-13,234285,55,FALSE,dfrank88,2025-11-05T04:30:39Z,"bass house,edm,bassline",NIGHTMODE,0.589,0.965,6,-1.234,0,0.0619,0.0234,0.849,0.503,0.232,126.046,4
The Sound,The Sound,Dillon Francis;Julian Jordan,2024-08-30,155147,38,FALSE,dfrank88,2025-11-05T04:30:39Z,"moombahton,edm,electro house,bass house,big room,future house",STMPD RCRDS,0.631,0.949,10,-5.346,0,0.0433,0.000725,0.747,0.487,0.158,130.001,4
Yeah The Girls,Yeah The Girls,FISHER;MERYLL,2022-09-02,194310,1,FALSE,dfrank88,2025-11-05T04:30:39Z,"tech house,house,hardstyle",Catch & Release,0.755,0.968,8,-5.282,1,0.0424,0.00117,0.773,0.103,0.785,126.007,4
I Don't Trust A Soul,I Don't Trust A Soul,Disco Lines;Ship Wrek,2025-08-06,146059,63,TRUE,dfrank88,2025-11-05T04:30:39Z,"stutter house,bass house",Experts Only,0.784,0.799,7,-3.963,0,0.094,0.00258,0.00527,0.0855,0.598,131.98,4
Renegade Master - Don Diablo Edit,Renegade Master (Don Diablo Edit),G-POL;Don Diablo,2025-05-09,217846,45,FALSE,dfrank88,2025-11-05T04:30:39Z,"future house,bass house,edm",HEXAGON,0.809,0.714,11,-6.622,0,0.114,0.101,0.0771,0.0961,0.719,130.019,4
Always - Monkey Safari Remix,Surrender (Remixes),RÜFÜS DU SOL;Monkey Safari,2022-08-12,411024,57,FALSE,dfrank88,2025-11-05T04:30:39Z,"melodic house,organic house,afro house,deep house,melodic techno",Rose Avenue/Reprise,0.66,0.836,8,-5.203,0,0.0383,0.00659,0.92,0.0868,0.765,123.997,4
I Don't Know How - French 79 Remix,With Julia (Bonus Edition),Kid Francescoli;French 79,2015-03-09,425755,0,FALSE,dfrank88,2025-11-05T04:30:39Z,"french indie pop,french house",Alter K,0.665,0.521,11,-10.469,1,0.0614,0.138,0.884,0.108,0.197,117.975,4
The Space In Between - Ben Böhmer Remix,The Space In Between (Ben Böhmer Remix),Jan Blomqvist;Ben Böhmer,2018-06-29,253812,64,FALSE,dfrank88,2025-11-05T04:30:39Z,"melodic house,melodic techno,progressive house,deep house",Armada Electronic Elements,0.559,0.656,5,-10.794,0,0.0365,0.0574,0.627,0.177,0.0386,122.007,4
Closer,Closer,Wenzday;Confession,2025-04-30,186240,24,FALSE,dfrank88,2025-11-05T04:30:39Z,"bass house,g-house,tech house",Confession,0.688,0.915,1,-6.217,1,0.122,0.0415,0.824,0.29,0.537,124.985,4
System,System,Odd Mob;OMNOM;HYPERBEAM,2025-09-05,201230,58,FALSE,dfrank88,2025-11-05T04:30:39Z,"tech house,bass house",Insomniac Records,0.728,0.856,1,-4.97,0,0.0381,0.0237,0.0569,0.0985,0.152,129.987,4
Too Heavy,Too Heavy,Neon Tide,2025-05-09,180000,50,FALSE,dfrank88,2025-11-05T04:30:39Z,,7CULT powered by PULSE.CX,0.818,0.618,10,-7.815,0,0.0715,0.152,0.189,0.111,0.267,124.002,4
Rhyme Dust - Major Lazer Remix,Rhyme Dust (feat. Dom Dolla) [Major Lazer Remix],MK;Dom Dolla;Major Lazer,2023-06-30,183196,25,FALSE,dfrank88,2025-11-05T04:30:39Z,"house,tech house,moombahton","Ultra Records, LLC",0.759,0.754,2,-7.334,1,0.0483,0.0000661,0.773,0.0567,0.625,122.014,4
Final Song - Diplo & Jauz Remix,Final Song (Diplo & Jauz Remix),MØ;Diplo;Jauz,2016-12-30,190480,46,FALSE,dfrank88,2025-11-05T04:30:39Z,"moombahton,bass house,edm,future house,dubstep,electro house",Chess Club/RCA Victor,0.687,0.843,9,-2.974,1,0.0312,0.208,0.000917,0.0751,0.344,126.012,4
Poison Ivy,Poison Ivy,SubDocta;Wreckno,2025-07-11,243932,25,TRUE,dfrank88,2025-11-05T04:30:39Z,"dubstep,riddim,bass music",Kannibalen Records,0.771,0.915,1,-3.123,1,0.0711,0.0123,0.636,0.654,0.49,125.943,4
Dress Code,Dress Code,Mau P,2023-10-06,203437,64,FALSE,dfrank88,2025-11-05T04:30:39Z,"tech house,house",Black Book Records,0.716,0.94,1,-5.443,1,0.0539,0.00799,0.728,0.0807,0.737,128.015,4
Silent,Silent,Ship Wrek,2022-05-13,190498,46,TRUE,dfrank88,2025-11-05T04:30:39Z,"stutter house,bass house",Spinnin' Records,0.79,0.84,2,-4.637,1,0.0609,0.0025,0.422,0.0783,0.627,126.001,4
One Chance,One Chance,Knock2;NGHTMRE;Marlhy,2023-07-07,220952,52,FALSE,dfrank88,2025-11-05T04:30:39Z,"bass house,edm,bassline,dubstep,edm trap,future bass",88rising Music,0.657,0.858,7,-4.755,1,0.0457,0.112,0.0777,0.252,0.205,126.041,4
The Don,The Don,AC Slater;Jay Robinson;Gabi'el,2024-04-26,166237,42,FALSE,dfrank88,2025-11-05T04:30:39Z,"bass house,bassline,g-house,uk garage,tech house",Night Bass Records,0.842,0.801,9,-5.503,1,0.0657,0.00424,0.379,0.114,0.727,127.01,4
B€NZ,B€NZ,€URO TRA$H;Yellow Claw;Syaqish,2022-08-05,244218,36,FALSE,dfrank88,2025-11-05T04:30:39Z,"bass house,g-house,tech house,edm,edm trap,indonesian r&b",Barong Family,0.914,0.589,9,-7.866,1,0.0817,0.0105,0.494,0.0693,0.41,125.01,4
123,AFROJACK presents NLW,NLW,2022-07-29,213355,24,FALSE,dfrank88,2025-11-05T04:30:39Z,"big room,bass house",Wall Recordings,0.682,0.942,2,-5.291,1,0.0591,0.000754,0.199,0.0845,0.366,125.993,4
Stephanie - HNTR Remix,Stephanie (HNTR Remix),Cloonee;Young M.A;InntRaw;HNTR,2025-02-07,145467,72,FALSE,dfrank88,2025-11-05T04:30:39Z,"tech house,house,latin house",Hellbent Records,0.765,0.948,6,-4.048,0,0.0436,0.00701,0.00651,0.113,0.743,134.011,4
White Flag,White Flag,Romain Garcia,2021-01-08,198463,54,FALSE,dfrank88,2025-11-05T04:30:39Z,"melodic house,melodic techno,progressive house",Ton Töpferei,0.658,0.775,2,-10.136,1,0.0424,0.0414,0.821,0.119,0.0396,121.01,4
No Sleep,No Sleep,MEDUZA,2025-10-24,162187,51,FALSE,dfrank88,2025-11-05T04:30:39Z,,Experts Only,0.642,0.878,1,-5.988,1,0.0345,0.0107,0.762,0.435,0.508,128.008,4
Rage Money Power,Rage Money Power,ZISO,2024-04-09,150603,54,FALSE,dfrank88,2025-11-05T04:30:39Z,,Artlist Original,0.757,0.427,11,-9.904,1,0.0635,0.0648,0.0339,0.231,0.647,160.062,4
Flip The Switch,Flip The Switch,Valentino Khan;Chris Lorenzo,2019-08-08,190866,38,TRUE,dfrank88,2025-11-05T04:30:39Z,"bass house,moombahton,g-house,bassline,house,tech house",Mad Decent,0.827,0.88,9,-3.188,1,0.0411,0.0202,0.685,0.074,0.101,127.015,4
Everything In Its Right Place,Everything In Its Right Place,Bugwell,2025-10-17,204827,35,FALSE,dfrank88,2025-11-05T04:30:39Z,drum and bass,R.O.A.M,0.364,0.96,2,-1.09,1,0.0426,0.00005,0.579,0.128,0.13,173.956,4
palm of my hands - Odd Mob Remix,palm of my hands (Odd Mob Remix),John Summit;Odd Mob;venbee,2024-11-08,203636,64,TRUE,dfrank88,2025-11-08T20:18:01Z,"house,tech house,bass house,drum and bass,liquid funk",Experts Only/Darkroom Records,0.823,0.908,10,-4.07,0,0.0526,0.00273,0.0838,0.0754,0.554,132.013,4
GIVE MY LOVE,GIVE MY LOVE,JOYRYDE,2016-11-07,260952,34,FALSE,dfrank88,2025-11-08T20:18:01Z,"bass house,g-house",UNWANTED,0.721,0.938,1,-3.818,1,0.0921,0.00409,0.275,0.38,0.161,126.011,4
Let's Begin,Let's Begin,Devault,2025-08-15,232835,54,FALSE,dfrank88,2025-11-08T20:18:01Z,stutter house,Putyouon Music Group,0.695,0.87,6,-4.029,1,0.0462,0.0127,0.749,0.0713,0.308,133.972,4
crystallized (feat. Inéz),crystallized (feat. Inéz),John Summit;Inéz,2025-09-12,217646,71,FALSE,dfrank88,2025-11-08T20:18:01Z,"house,tech house",Experts Only/Darkroom Records,0.529,0.857,1,-4.689,1,0.075,0.011,0.0000485,0.126,0.292,128.049,4
IJUSTWANNA,IN MY MIND EP,longstoryshort;SPORTMODE,2024-11-15,179144,34,FALSE,dfrank88,2025-11-08T20:18:01Z,"bass house,stutter house,uk garage,bass music,edm trap",NIGHTMODE,0.615,0.916,1,-2.419,0,0.0514,0.00545,0.0606,0.346,0.15,139.951,4
Fuck It Up,Fuck It Up,Disco Lines;SIDEPIECE;Mike Sherm,2024-12-13,132974,55,TRUE,dfrank88,2025-11-08T20:18:01Z,"stutter house,tech house,edm,house,hyphy",Good Good Records,0.78,0.924,11,-4.465,1,0.12,0.042,0.000135,0.316,0.491,130.001,4
Dye My Hair - Branchez Remix,Dye My Hair (Branchez Remix),ALMA;Branchez,2017-02-03,190991,22,FALSE,dfrank88,2025-11-08T20:18:01Z,,Intercord,0.903,0.558,7,-5.643,1,0.0485,0.244,0.000325,0.0638,0.53,121.959,4
Next To You,EURÊKA!,Romain Garcia,2025-10-17,203572,52,FALSE,dfrank88,2025-11-11T00:00:37Z,"melodic house,melodic techno,progressive house",Anjunadeep,0.622,0.933,1,-8.297,0,0.0343,0.026,0.772,0.147,0.0293,125.014,4
Need,GigaSol,Atticus Rush,2025-06-20,136901,51,FALSE,dfrank88,2025-11-11T00:00:37Z,,Acid Riot Music,0.689,0.673,1,-4.38,1,0.0393,0.0203,0.218,0.137,0.169,142.003,4
Sun Sala,Sun Sala,MEMBA,2021-02-02,192786,43,FALSE,dfrank88,2025-11-21T00:51:47Z,future bass,Foreign Family Collective,0.858,0.913,9,-5.199,1,0.0899,0.323,0.343,0.292,0.709,121.997,4
Drop This,Drop This,Coka Cobra;Walschlager,2021-01-29,140952,34,FALSE,dfrank88,2025-11-21T00:51:47Z,"bass house,g-house,electro house",Diverge Records,0.748,0.806,11,-6.121,1,0.0716,0.000918,0.765,0.129,0.386,125.991,4
New York Bagel,New York Bagel,G-POL,2023-10-20,161190,24,FALSE,dfrank88,2025-11-21T00:51:47Z,"future house,bass house",MINUTE TO MIDNITE,0.843,0.916,1,-2.053,0,0.208,0.00608,0.00415,0.0562,0.656,126.04,4
Get High - VIP Mix,Get High,Kill Them With Colour,2015-10-30,199282,34,FALSE,dfrank88,2025-11-21T00:51:47Z,"latin house,tribal house,afro house",EMI,0.431,0.402,4,-9.686,1,0.104,0.237,0.21,0.092,0.178,171.634,5
Bumba Bass,Bumba Bass,TV Noise;Henry Fong,2023-03-03,133125,38,FALSE,dfrank88,2025-11-21T00:51:47Z,"bass house,moombahton,melbourne bounce,electro house,big room",STMPD RCRDS,0.701,0.811,8,-6.383,1,0.151,0.0253,0.403,0.379,0.151,128.073,4
Goons,Goons,BIJOU;Drezo,2023-08-18,201904,36,FALSE,dfrank88,2025-11-21T00:51:47Z,"g-house,bass house,tech house,electro house",Do Not Duplicate Recordings,0.978,0.859,2,-3.212,1,0.0871,0.0146,0.000825,0.289,0.502,126.03,4
Don't Call,Don't Call,Neon Steve;Dakota Sixx,2021-12-08,187500,41,FALSE,dfrank88,2025-11-21T00:51:47Z,"bass house,g-house,drum and bass,liquid funk,uk garage,bassline",Pinnacle Collective,0.874,0.95,8,-4.163,0,0.104,0.0925,0.866,0.205,0.621,128.019,4
Take A Step Back,Take A Step Back,Dr. Fresch;Marten Hørger,2020-11-06,160000,53,FALSE,dfrank88,2025-11-21T00:51:47Z,"g-house,bass house,tech house",House Call Records,0.811,0.888,1,-5.735,1,0.263,0.0547,0.92,0.277,0.219,125.984,4
One Three Nine,One Three Nine,Zeds Dead;Scrufizzer,2023-02-17,168000,56,FALSE,dfrank88,2025-11-21T00:51:47Z,"dubstep,edm,bassline,bass house,grime,drum and bass,uk garage",Night Bass Records,0.81,0.864,11,-5.086,1,0.0374,0.0339,0.927,0.0593,0.768,124.992,4
GENIE,GENIE,ero808;NO STATIC;NAAR (US),2025-11-06,200930,55,FALSE,dfrank88,2025-11-21T00:51:47Z,"bass house,tech house",Higher Ground,0.788,0.783,3,-6.075,1,0.0399,0.0123,0.733,0.265,0.791,129.032,4
Crash Land - BIJOU Remix,Crash Land (The Remixes),Crash Land;BIJOU,2016-06-06,248727,33,TRUE,dfrank88,2025-11-21T00:51:47Z,"g-house,bass house,tech house",STMPD RCRDS,0.807,0.459,1,-7.361,1,0.0535,0.000859,0.000163,0.452,0.223,110.005,4
Love to Love,Love to Love,Justin Rabin,2025-11-14,176744,47,FALSE,dfrank88,2025-11-21T00:51:47Z,tech house,Unjust,0.787,0.751,6,-6.561,1,0.0533,0.00459,0.775,0.0763,0.509,128.992,4
So Many Colours,So Many Colours,Sub Focus;Poppy Baskcomb,2025-11-14,227586,58,FALSE,dfrank88,2025-11-21T00:51:47Z,"drum and bass,liquid funk",Positiva,0.55,0.92,5,0.383,0,0.0624,0.141,0,0.191,0.161,174.024,4
gReef,Tryouts,SURFTEAM;tiedye ky;Esseks,2025-10-17,200142,32,FALSE,dfrank88,2025-11-21T00:51:47Z,"bass music,glitch,dubstep",Shhhurf,0.705,0.604,7,-7.458,0,0.0574,0.145,0.35,0.804,0.128,139.972,4
Love Drop - Bronze Sun Remix,Love Drop,Equanimous;HYPERLIGHT;KÄTĒRI;Bronze Sun,2025-10-24,190222,26,FALSE,dfrank88,2025-11-21T00:51:47Z,bass music,High Vibe Records,0.739,0.663,2,-5.529,1,0.041,0.0062,0.0229,0.0609,0.161,135.055,4
Facilita,Facilita,Fred again..;Caribou;Menor Teteu,2025-10-23,257435,64,FALSE,dfrank88,2025-11-21T00:51:47Z,"stutter house,house,idm,brazilian funk",Atlantic Records UK,0.715,0.675,2,-5.167,1,0.157,0.0555,0.000384,0.0857,0.255,128.021,4
SUBSTANCE,ANOMALY,Odd Language,2025-06-06,228413,30,FALSE,dfrank88,2025-11-21T00:51:47Z,"bass music,dubstep",Space Yacht,0.548,0.998,10,-1.788,0,0.105,0.00604,0.2,0.151,0.13,145.021,4
Control - Dallin Dance Remix,Control (Dallin Dance Remix),Emmit Fenn;Dallin Dance,2023-03-03,206904,35,FALSE,dfrank88,2025-11-21T00:51:47Z,stutter house,TH3RD BRAIN,0.778,0.692,11,-6.161,0,0.106,0.0896,0.101,0.118,0.42,126.09,4
Shake,What Is Life,Anti Up,2024-10-11,194198,33,FALSE,dfrank88,2025-11-21T00:51:47Z,"tech house,bass house",Big Beat Records,0.639,0.836,6,-3.231,1,0.0837,0.000549,0.0179,0.4,0.304,125.914,4
I Look Good,I Look Good,Jackie Hollander;Lizzy Land,2025-02-28,164659,42,FALSE,dfrank88,2025-11-21T00:51:47Z,tech house,Insomniac Records,0.592,0.855,6,-6.376,1,0.0585,0.0135,0.517,0.3,0.296,131.957,4
Light You Up ft. CREG,Light You Up ft. CREG,GRiZ;Tape B;CREG,2025-11-14,188571,57,TRUE,dfrank88,2025-11-21T00:51:47Z,"dubstep,edm,bass music,riddim",GRiZ LLC,0.616,0.936,2,-2.15,0,0.0377,0.00146,0.643,0.101,0.0738,139.985,4
Count That,Count That,SHOSH,2025-11-07,216214,46,FALSE,dfrank88,2025-11-21T00:51:47Z,"uk garage,bassline",UKF,0.843,0.761,7,-4.585,1,0.0794,0.0182,0.0598,0.318,0.469,139.951,4
BLACKOUT,BLACKOUT,Ryan Nevis,2023-10-27,190096,43,TRUE,dfrank88,2025-11-21T00:51:47Z,,Darkbloom,0.713,0.775,2,-5.673,1,0.0465,0.269,0.651,0.234,0.269,129.997,4
Deep Inside,Deep Inside,Lumasi,2025-09-12,251000,38,FALSE,dfrank88,2025-11-21T00:51:47Z,bass music,TRIPPY BEE RECORDS,0.591,0.785,1,-4.519,0,0.0422,0.00785,0.0377,0.102,0.0609,123.9,4
Space Funk '75,Episode VI: Return of the Sponges,The Sponges,2019-02-20,234000,47,TRUE,dfrank88,2025-11-21T00:51:47Z,"bass house,funky house",Box of Cats,0.789,0.781,11,-6.728,1,0.101,0.00473,0.178,0.105,0.542,124.048,4
LLLLLIKE IT LIKE IT (REAL),ok heres the rough cut,MAYV,2025-08-01,165454,31,FALSE,dfrank88,2025-11-21T00:51:47Z,uk garage,mayv,0.817,0.806,5,-9.459,1,0.0423,0.0318,0.103,0.317,0.289,131.925,4
Work,Work,Proppa;Rich DietZ;Smith & Sorren,2025-07-18,180010,48,FALSE,dfrank88,2025-11-21T00:51:47Z,bass house,Musical Freedom,0.701,0.851,2,-3.727,1,0.0448,0.00132,0.0273,0.0826,0.284,129.991,4
Spill,Spill,LYNY;Big Narstie,2023-06-09,142562,45,TRUE,dfrank88,2025-11-21T00:51:47Z,"bass music,grime,uk grime,uk garage",Noxious Recordings,0.877,0.386,6,-8.734,0,0.27,0.108,0.00169,0.464,0.256,127.976,4
What Was That,What Was That,Koastle,2025-10-17,328181,46,FALSE,dfrank88,2025-11-21T00:51:47Z,stutter house,Boom Records LLC,0.75,0.497,0,-7.036,1,0.209,0.136,0.00345,0.101,0.577,132.042,4
METANÖIA,WAR WITH MYSELF,Shöckface,2021-05-21,163953,46,TRUE,dfrank88,2025-11-21T00:51:47Z,,Shöckface,0.562,0.682,0,-7.927,1,0.0975,0.038,0.0557,0.388,0.615,72.131,1
Diamond,Diamond,YDG,2024-03-14,162206,46,FALSE,dfrank88,2025-11-21T00:51:47Z,"riddim,dubstep",YDG,0.811,0.84,10,-2.289,0,0.286,0.284,0,0.137,0.681,145.006,4
Substance,Substance,Delta Heavy,2025-11-13,226206,54,FALSE,dfrank88,2025-11-21T00:51:47Z,"drum and bass,dubstep,drumstep,liquid funk",UKF,0.453,0.989,10,-0.166,0,0.14,0.00521,0.547,0.163,0.267,174.007,4
Outreach,Outreach,rSUN;STVSH,2025-11-12,184620,38,FALSE,dfrank88,2025-11-21T00:51:47Z,"bass music,dubstep",Wubaholics,0.683,0.946,10,-4.44,0,0.0387,0.0246,0.783,0.247,0.0729,129.992,4
Hold That Sucker Down,Hold That Sucker Down,Circadian,2025-11-14,216551,52,FALSE,dfrank88,2025-11-21T00:51:47Z,drum and bass,Armada Music,0.287,0.945,0,-1.556,1,0.0771,0.0711,0.277,0.314,0.0359,173.056,4
LOUDER,LOUDER,"Nikita, the Wicked",2025-10-31,132080,46,FALSE,dfrank88,2025-11-21T00:51:47Z,"uk garage,bass music",Helix Records,0.637,0.558,11,-6.116,0,0.0759,0.0195,0.736,0.466,0.284,139.957,4
Lost,Lost,ERBES,2025-11-07,137142,17,TRUE,dfrank88,2025-11-21T00:51:47Z,"riddim,dubstep,deathstep,bass music",WHY Z MUSIC,0.766,0.838,5,-7.093,0,0.0551,0.0349,0.491,0.11,0.0808,140.062,4
Feel it in My,Feel it in My,it's murph;Arlo;fkblnde,2025-10-31,338849,56,FALSE,dfrank88,2025-11-21T00:51:47Z,"stutter house,house,uk garage,rally house",Sonic Café,0.775,0.747,9,-5.371,1,0.0931,0.0899,0.00988,0.0651,0.341,135.994,4
Illuminate,Illuminate,Champagne Drip,2025-10-24,206664,38,FALSE,dfrank88,2025-11-21T00:51:47Z,"dubstep,bass music",WAKAAN,0.572,0.797,0,-5.474,1,0.0474,0.0743,0,0.104,0.236,133.818,4
2 Things,2 Things,Don Diablo,2022-09-30,191250,43,FALSE,dfrank88,2025-11-21T00:51:47Z,"future house,edm",HEXAGON,0.685,0.813,9,-5.163,1,0.0387,0.0702,0.0327,0.218,0.165,127.994,4
GASOLINA & COCAINA,GASOLINA & COCAINA,HEDEGAARD,2023-06-09,192390,50,TRUE,dfrank88,2025-11-21T00:51:47Z,g-house,OneHundred,0.771,0.608,1,-8.964,0,0.261,0.241,0.00138,0.239,0.498,123.955,4
Freedom,Freedom,1111,2025-11-11,179500,32,FALSE,dfrank88,2025-11-21T00:51:47Z,"stutter house,uk garage",Fly Boy Records,0.64,0.795,9,-5.406,0,0.227,0.186,0.000708,0.0861,0.493,143.978,4
ROUND N' ROUND,ROUND N' ROUND,Klo;SVDKO,2025-10-24,137142,41,FALSE,dfrank88,2025-11-21T00:51:47Z,"stutter house,uk garage",BREAKAWAY,0.773,0.823,1,-9.543,1,0.0724,0.18,0.891,0.11,0.309,140.006,4
Bass Baddie,Bass Baddie,AHEE,2025-09-12,191981,50,FALSE,dfrank88,2025-11-21T00:51:47Z,"dubstep,bass music,riddim",ZOT Records,0.798,0.691,1,-5.542,1,0.0452,0.104,0.00724,0.262,0.105,140.003,4
Bullshit,Bullshit,Matroda;KLP,2025-10-24,178865,62,TRUE,dfrank88,2025-11-21T00:51:47Z,"bass house,tech house,g-house,house,electro house",Insomniac Records,0.841,0.871,9,-4.982,1,0.0524,0.00529,0.14,0.0803,0.83,130.019,4
SHAKE A LIL’ SOMETHIN’,SHAKE A LIL’ SOMETHIN’,ero808;NXSTY;RYA,2025-08-29,181384,53,FALSE,dfrank88,2025-11-21T00:52:13Z,bass house,ero808,0.764,0.769,0,-3.958,1,0.0751,0.0287,0.0206,0.107,0.747,129.976,4
Chain Reaction - Chill Mix,Connect (Deluxe),Ferry Corsten;MERYLL,2025-06-27,186666,26,FALSE,dfrank88,2025-12-09T22:31:10Z,"trance,progressive trance,hardstyle,tech house",Flashover Recordings,0.671,0.848,9,-7.847,0,0.0324,0.0076,0.397,0.0807,0.696,126.015,4
Goodtime,Goodtime,Ashez;Kaipora,2025-11-27,240000,38,FALSE,dfrank88,2025-12-09T22:31:10Z,"bass music,drumstep",Junkfood,0.781,0.757,2,-3.666,1,0.159,0.0713,0.0000823,0.0435,0.353,94.048,4
If Only,If Only,1991,2025-11-28,191724,57,FALSE,dfrank88,2025-12-09T22:31:10Z,"drum and bass,liquid funk",1991,0.421,0.984,6,-0.071,1,0.0454,0.0158,0.48,0.0895,0.431,173.916,4
..FEISTY,ICEY..FEISTY,Fred again..;BIA,2025-11-28,171764,75,FALSE,dfrank88,2025-12-09T22:31:10Z,"stutter house,house",Atlantic Records UK,0.824,0.704,10,-4.847,0,0.251,0.0177,0.000166,0.332,0.573,101.931,4
MERTHER - Mixed,Defected presents Most Rated 2026 (DJ Mix),Mau P,2025-11-28,221291,55,FALSE,dfrank88,2025-12-09T22:31:10Z,"tech house,house",Defected Records,0.597,0.956,0,-6.135,1,0.0419,0.00192,0.785,0.059,0.156,127.94,4
Cups Up,Cups Up,Eric Leo 108;Ghostface Killah;Lone Wolf,2025-11-28,206942,25,TRUE,dfrank88,2025-12-09T22:31:10Z,"east coast hip hop,hardcore hip hop,hip hop,old school hip hop",Revel Distro,0.788,0.63,10,-8.122,0,0.348,0.175,0.0000229,0.0606,0.614,89.315,4
Transmutation,Divergence,Chmura;Daggz,2021-06-17,221967,38,FALSE,dfrank88,2025-12-09T22:31:10Z,"bass music,downtempo",Wormhole Music Group,0.751,0.444,1,-7.032,1,0.292,0.0336,0.00276,0.109,0.308,80.003,4
NYC 2 LA (feat. Roxanna),2,Wuki;Roxanna,2019-04-26,191818,32,TRUE,dfrank88,2025-12-09T22:31:10Z,,Confession,0.745,0.806,2,-3.351,1,0.0842,0.0139,0.192,0.455,0.713,132.013,4
Gold Dust - Marten Hørger Remix,Gold Dust (Marten Hørger Remix),DJ Fresh;Marten Hørger,2022-04-13,214687,35,FALSE,dfrank88,2025-12-09T22:31:10Z,"drum and bass,bass house,g-house,tech house",Breakbeat Kaos,0.696,0.899,0,-3.72,1,0.0441,0.00543,0.745,0.122,0.0807,127.993,4
Front To Back,No Dramas EP,Buku,2016-11-18,251294,45,FALSE,dfrank88,2025-12-09T22:31:10Z,"dubstep,edm trap",Spinnin' Premium,0.473,0.871,1,-6.362,0,0.0459,0.0188,0.198,0.0916,0.279,170.042,4
i like it dark,i like it dark,Us Under,2025-11-07,152571,35,FALSE,dfrank88,2025-12-09T22:31:10Z,,4870345 Records DK,0.736,0.824,2,-3.687,1,0.108,0.017,0.00784,0.122,0.256,140.164,4
Freak Of Nature,Freak Of Nature,Just A Gent,2025-07-11,192158,29,FALSE,dfrank88,2025-12-09T22:31:10Z,future bass,HypnoVizion Records Inc.,0.853,0.67,9,-4.913,0,0.158,0.0199,0.255,0.12,0.335,100.043,4
Ravers Bounce,Ravers Bounce,BRANDON;Lackmus,2023-11-10,195357,37,FALSE,dfrank88,2025-12-09T22:31:10Z,"bass house,g-house,tech house",Confession,0.769,0.731,11,-5.617,1,0.0724,0.094,0.722,0.363,0.381,125.991,4
Feels Like Us,Feels Like Us,Devault,2025-11-14,234545,64,FALSE,dfrank88,2025-12-09T22:31:10Z,stutter house,Experts Only,0.694,0.866,7,-5.675,0,0.0304,0.00516,0.0132,0.0921,0.157,131.988,4
Beto’s Horns - fred remix,Beto's Horns,Fred again..;CA7RIEL & Paco Amoroso,2025-11-07,226222,67,FALSE,dfrank88,2025-12-09T22:31:10Z,"stutter house,house",Atlantic Records UK,0.538,0.664,1,-7.051,0,0.195,0.0181,0.175,0.278,0.199,127.619,4
A Feeling I Miss,A Feeling I Miss,Cassian;Matt Ryder,2025-10-31,201289,56,FALSE,dfrank88,2025-12-09T22:31:10Z,"melodic techno,melodic house",Three Six Zero Recordings,0.606,0.911,11,-4.502,0,0.031,0.00119,0.000238,0.104,0.175,127.985,4
solo,solo,Fred again..;Blanco,2025-12-05,292071,70,TRUE,dfrank88,2025-12-22T23:28:05Z,"stutter house,house,uk drill,drill,grime,afroswing,uk grime",Atlantic Records UK,0.652,0.931,1,-4.875,1,0.0341,0.0237,0.000617,0.052,0.935,139.976,4